nama;satuan;stok;stok_min;status;rak;jenis
ABATE;1;0;0;1;1;1
ACARBOSE 100MG;2;0;0;1;1;1
ACARBOSE 50 MG;2;0;0;1;1;1
ACETYLCYSTEINE 200MG;3;0;0;1;1;1
ACIFAR CR 5GR;4;0;0;1;1;1
ACNE FELDINE 110 ML;6;0;0;1;1;1
ACNOL LOTION 10ML;1;0;0;1;1;1
ACTIFED EXP 60 ML (HIJAU);5;0;0;1;1;1
ACTIFED SYR 60 ML (KUNING;5;0;0;1;1;1
ACTIFED SYR 60 ML (MERAH);5;0;0;1;1;1
ACYCLOVIR 200 MG;2;0;0;1;1;1
ACYCLOVIR 400 MG;2;0;0;1;1;1
ACYCLOVIR CR;4;0;0;1;1;1
ADALAT OROS 30;2;0;0;1;1;1
ADEM SARI;7;0;0;1;1;1
AKURAT TEST PACK;1;0;0;1;1;1
ALADINA 2;1;0;0;1;1;1
ALAT NEBULIZER;1;0;0;1;1;1
ALBOTHYL CONC 5ML;5;0;0;1;1;1
ALCO DROPS;5;0;0;1;1;1
ALCO PLUS DMP;5;0;0;1;1;1
ALCO PLUS SYR 100 ML;5;0;0;1;1;1
ALEGI 2;2;0;0;1;1;1
ALINAMIN FORTE;2;0;0;1;1;1
ALKOHOL 70%;5;0;0;1;1;1
ALKOHOL 70% 1 LITER;5;0;0;1;1;1
ALKOHOL SWAB;8;0;0;1;1;1
ALLERIN SYR 120 ML;5;0;0;1;1;1
ALLERIN SYR 60 ML;5;0;0;1;1;1
ALLERON 2;2;0;0;1;1;1
ALLOPURINOL 100;2;0;0;1;1;1
ALLOPURINOL 300 MG;2;0;0;1;1;1
ALLORIS 2;2;0;0;1;1;1
ALOCLAIR GARGLE (KUMUR);5;0;0;1;1;1
ALOCLAIR GEL (OLES);4;0;0;1;1;1
ALOFAR 100 MG;2;0;0;1;1;1
ALPARA 2;2;0;0;1;1;1
ALPENTIN 100 MG;3;0;0;1;1;1
AMBEVEN 2 9;3;0;0;1;1;1
AMBROXOL SYR;5;0;0;1;1;1
AMBROXOL 2;2;0;0;1;1;1
AMINOPHILLYN 200 MG;2;0;0;1;1;1
AMLODIPIN  5 MG (HJ);2;0;0;1;1;1
AMLODIPIN 10 MG;2;0;0;1;1;1
AMLODIPIN 10 MG (HJ);2;0;0;1;1;1
AMOXICILLIN 500 MG;2;0;0;1;1;1
AMOXICILLIN SYR;5;0;0;1;1;1
AMOXSAN 250 MG;3;0;0;1;1;1
AMOXSAN 500 MG;3;0;0;1;1;1
AMOXSAN DROP;5;0;0;1;1;1
AMOXSAN F SYR;5;0;0;1;1;1
AMOXSAN SYR;5;0;0;1;1;1
AMPICILLIN 500 MG;3;0;0;1;1;1
ANACETIN SYR;5;0;0;1;1;1
ANADEX 2;2;0;0;1;1;1
ANAKONIDIN OBH 60ML;5;0;0;1;1;1
ANAKONIDIN SYR 30 ML;5;0;0;1;1;1
ANAKONIDIN SYR 60 ML;5;0;0;1;1;1
ANDALAN FE;9;0;0;1;1;1
ANDALAN LAKTASI PIL;9;0;0;1;1;1
ANDALAN PIL KB;9;0;0;1;1;1
ANTALGIN 9;2;0;0;1;1;1
ANTANGIN CAIR;7;0;0;1;1;1
ANTANGIN CAIR ANAK;7;0;0;1;1;1
ANTANGIN PERMEN;7;0;0;1;1;1
ANTANGIN 2;2;0;0;1;1;1
ANTASIDA DOEN 2;2;0;0;1;1;1
ANTASIDA SYR;5;0;0;1;1;1
ANTIMO ANAK;7;0;0;1;1;1
ANTIMO 2;2;0;0;1;1;1
ANTIS SPRAY 55 ML;5;0;0;1;1;1
APIALYS DROPS;5;0;0;1;1;1
APIALYS SYR;5;0;0;1;1;1
APOLAR CR;4;0;0;1;1;1
APOLAR N CR;4;0;0;1;1;1
APPETON GUMMIES 8;8;0;0;1;1;1
APPETON GUMMIES 7ET;7;0;0;1;1;1
APTOR 2;2;0;0;1;1;1
AQUA BOTOL K;5;0;0;1;1;1
ARCOXIA 120 MG;2;0;0;1;1;1
ARCOXIA 90MG;2;0;0;1;1;1
ARDIUM 2;2;0;0;1;1;1
ASAM MEFENAMAT 500 MG;2;0;0;1;1;1
ASAM TRANEKSAMAT 500MG;2;0;0;1;1;1
ASCARDIA  80 MG 2;2;0;0;1;1;1
ASETON;5;0;0;1;1;1
ASIFIT;8;0;0;1;1;1
ASMA SOLON 2;9;0;0;1;1;1
ASPILETS 2;2;0;0;1;1;1
ASPILETS THROMBO;2;0;0;1;1;1
ASTHIN FORCE 4 MG;2;0;0;1;1;1
ATORVASTATIN 10 MG;2;0;0;1;1;1
ATORVASTATIN 20 MG;2;0;0;1;1;1
ATORVASTATIN 40 MG;2;0;0;1;1;1
AZITROMYCIN 500MG;2;0;0;1;1;1
BABY COUGHT SYR;5;0;0;1;1;1
BALPIRIK MERAH;1;0;0;1;1;1
BALSEM GELIGA 10 GR;1;0;0;1;1;1
BALSEM GELIGA 20 GR;1;0;0;1;1;1
BALSEM GELIGA 40 GR;1;0;0;1;1;1
BALSEM LANG 10GR;1;0;0;1;1;1
BALSEM LANG 20GR;1;0;0;1;1;1
BALSEM LANG 40GR;1;0;0;1;1;1
BALSEM MACAN;1;0;0;1;1;1
BALSEM TJING TJAU B;1;0;0;1;1;1
BALSEM TJING TJAU K;1;0;0;1;1;1
BALSEM TRESNO JOYO B;1;0;0;1;1;1
BALSEM TRESNO JOYO K;1;0;0;1;1;1
BAQUINOR 500 MG;2;0;0;1;1;1
BATUGIN ELIXIR 300 ML;5;0;0;1;1;1
BATUGIN ELIXIR 120 ML;5;0;0;1;1;1
BAYCUTEN N CR 5GR;4;0;0;1;1;1
BECOM C 2 / 2;2;0;0;1;1;1
BECOM ZET;2;0;0;1;1;1
BENOSON CR 15 GR;4;0;0;1;1;1
BENOSON CR 5 GR;4;0;0;1;1;1
BENOSON G CR 10 GR;4;0;0;1;1;1
BENOSON M CR 5 GR;4;0;0;1;1;1
BENOSON N CR 15 GR;4;0;0;1;1;1
BENOSON N CR 5 GR;4;0;0;1;1;1
BENZOLAC 2.5%;4;0;0;1;1;1
BENZOLAC 5%;4;0;0;1;1;1
BENZOLAC CL;4;0;0;1;1;1
BEPHANTEN CR 20 GR;4;0;0;1;1;1
BETADINE GARGLE 190 ML;5;0;0;1;1;1
BETADINE GARGLE 95 ML;5;0;0;1;1;1
BETADINE HYGIENE 60 ML;5;0;0;1;1;1
BETADINE OINT  5 GR;4;0;0;1;1;1
BETADINE OINT 10 GR;4;0;0;1;1;1
BETADINE SOL  5 ML;5;0;0;1;1;1
BETADINE SOL 15 ML;5;0;0;1;1;1
BETADINE SOL 30 ML;5;0;0;1;1;1
BETADINE SOL 60 ML;5;0;0;1;1;1
BETADINE SPRAY;5;0;0;1;1;1
BETADINE VAG + ALAT;8;0;0;1;1;1
BETADINE VAG 100 ML;5;0;0;1;1;1
BETAHISTINE 6MG;2;0;0;1;1;1
BETAMETASON CR;4;0;0;1;1;1
BETASON CR 5GR;4;0;0;1;1;1
BETASON N CR K;4;0;0;1;1;1
BEVALEX CR;4;0;0;1;1;1
BIC NAT/SODIUM BICARBONAT;2;0;0;1;1;1
BINTANG 7 PUYER;7;0;0;1;1;1
BIO ATP;2;0;0;1;1;1
BIO CREAM;4;0;0;1;1;1
BIO VISION;9;0;0;1;1;1
BIOGESIC 2;9;0;0;1;1;1
BIOLYSIN KID 2;5;0;0;1;1;1
BIOLYSIN SMART  60 ML;5;0;0;1;1;1
BIOLYSIN SMART 100 ML;5;0;0;1;1;1
BIOLYSIN SYR  60 ML;5;0;0;1;1;1
BIOLYSIN SYR 100 ML;5;0;0;1;1;1
BIOLYSIN 2;9;0;0;1;1;1
BIOPLACENTON CR/JELLY;4;0;0;1;1;1
BIOTHICOL 500 MG;2;0;0;1;1;1
BISOLVON EXTRA  60 ML;5;0;0;1;1;1
BISOLVON EXTRA 125 ML;5;0;0;1;1;1
BISOLVON KIDS STRAW SYR;5;0;0;1;1;1
BISOLVON SOL 50 ML;5;0;0;1;1;1
BISOLVON 2 10';9;0;0;1;1;1
BISOPROLOL 2,5 MG;2;0;0;1;1;1
BISOPROLOL 5 MG;2;0;0;1;1;1
BLOOD LANCETS 100';8;0;0;1;1;1
BLUE ONE TEST PACK;1;0;0;1;1;1
BODREX EXTRA  4';9;0;0;1;1;1
BODREX FLU & BATUK;9;0;0;1;1;1
BODREX FLU&BATUK DAHAK;9;0;0;1;1;1
BODREX MIGRA;9;0;0;1;1;1
BODREX 2;9;0;0;1;1;1
BODREXIN SYR DEMAM;5;0;0;1;1;1
BODREXIN SYR F&B DAHAK;5;0;0;1;1;1
BODREXIN SYR F&B KERING;5;0;0;1;1;1
BODREXIN 2 @4;9;0;0;1;1;1
BODREXIN 2 @6;8;0;0;1;1;1
BODREXIN 2 '16;8;0;0;1;1;1
BORAGINOL N OINT;4;0;0;1;1;1
BORAGINOL N SUPP;1;0;0;1;1;1
BORAGINOL S OINT;4;0;0;1;1;1
BORAGINOL S SUPP;1;0;0;1;1;1
BORAX GLYCERIN;5;0;0;1;1;1
BREAST PADS;8;0;0;1;1;1
BREATHY NASAL DROPS;5;0;0;1;1;1
BRONCHITIN SYR;5;0;0;1;1;1
BUFACOMB CR 5 GR;4;0;0;1;1;1
BUFACORT N CR 5GR;4;0;0;1;1;1
BUFFECT FORTE SYR;5;0;0;1;1;1
BUFFECT SYR;5;0;0;1;1;1
BUNNY BREAST PUMP;8;0;0;1;1;1
BUSCOPAN PLUS;2;0;0;1;1;1
BUSCOPAN 2;2;0;0;1;1;1
BYE BYE FEVER ANAK;1;0;0;1;1;1
BYE BYE FEVER BABY;1;0;0;1;1;1
C. CATARLENT ED 15 CC;5;0;0;1;1;1
C. CATARLENT ED 5 CC;5;0;0;1;1;1
C. CENFRESH ED;5;0;0;1;1;1
C. CENFRESH MDS;9;0;0;1;1;1
C. CONVER ED;5;0;0;1;1;1
C. EYEFRESH ED 5 ML;5;0;0;1;1;1
C. EYEFRESH MDS;9;0;0;1;1;1
C. EYEFRESH MILD;9;0;0;1;1;1
C. FLOXA MDS;9;0;0;1;1;1
C. HYALUB ED 5 ML;5;0;0;1;1;1
C. HYALUB MDS;9;0;0;1;1;1
C. LYTEERS;5;0;0;1;1;1
C. LYTEERS MDS;9;0;0;1;1;1
C. MYCETINE EO;4;0;0;1;1;1
C. MYCOS EO;4;0;0;1;1;1
C. MYCOS EYE DROP;5;0;0;1;1;1
C. POLIDEX ED;5;0;0;1;1;1
C. TIMOL 0.5% ED;5;0;0;1;1;1
C. TOBROSON MDS;9;0;0;1;1;1
C. VASACON A ED;5;0;0;1;1;1
C. VITROLENTA 5ML;5;0;0;1;1;1
C. XITROL ED 5 ML;5;0;0;1;1;1
C. XITROL EO;4;0;0;1;1;1
C. XITROL MDS;9;0;0;1;1;1
CACING KALUNG KAP;9;0;0;1;1;1
CAL-95;2;0;0;1;1;1
CALADINE BABY POWDER 100 GR;5;0;0;1;1;1
CALADINE BABY POWDER 55 GR;5;0;0;1;1;1
CALADINE CR;4;0;0;1;1;1
CALADINE LOTION 60 ML;5;0;0;1;1;1
CALADINE LOTION 95 ML;5;0;0;1;1;1
CALADINE POWDER 100 GR;5;0;0;1;1;1
CALADINE POWDER 60 GR;5;0;0;1;1;1
CALLUSOL;5;0;0;1;1;1
CANDESARTAN 16 MG;2;0;0;1;1;1
CANDESARTAN 8 MG;2;0;0;1;1;1
CANESTEN CR 10G;4;0;0;1;1;1
CANESTEN CR 5GR;4;0;0;1;1;1
CAPTOPRIL 12.5 MG;2;0;0;1;1;1
CAPTOPRIL 25 MG;2;0;0;1;1;1
CAPTOPRIL 50 MG;2;0;0;1;1;1
CARBIDU 0,5MG 2;2;0;0;1;1;1
CARBIDU 0,75 MG 2;2;0;0;1;1;1
CARDIO ASPIRIN;2;0;0;1;1;1
CARDISMO 20 MG;2;0;0;1;1;1
CARMED 10% KRIM 40 GR;4;0;0;1;1;1
CARMED CR 20%;4;0;0;1;1;1
CARMED LOTION 100 ML;5;0;0;1;1;1
CARMED LOTION 50 ML;5;0;0;1;1;1
CARMINT 30';6;0;0;1;1;1
CATAFLAM 25;2;0;0;1;1;1
CATAFLAM 50;2;0;0;1;1;1
CATAFLAM FAST 50 MG;7;0;0;1;1;1
CAVIPLEX CDEZ 2;2;0;0;1;1;1
CAVIPLEX SYR;5;0;0;1;1;1
CAVIPLEX 2;2;0;0;1;1;1
CAVIT D3 2;2;0;0;1;1;1
CAZETIN DROPS;5;0;0;1;1;1
CDR EFF 15'S;6;0;0;1;1;1
CDR EFF SWEET;6;0;0;1;1;1
CDR FORTOS;6;0;0;1;1;1
CEDOCARD 10 MG;2;0;0;1;1;1
CEDOCARD 5 MG;2;0;0;1;1;1
CEFADROXIL 500 MG;3;0;0;1;1;1
CEFADROXIL F SYR;5;0;0;1;1;1
CEFADROXIL SYR;5;0;0;1;1;1
CEFAT 500 MG;3;0;0;1;1;1
CEFAT FORTE SYR;5;0;0;1;1;1
CEFAT SYR;5;0;0;1;1;1
CEFIXIME 100 MG;3;0;0;1;1;1
CEFIXIME 200 MG;3;0;0;1;1;1
CEFIXIME SYR;5;0;0;1;1;1
CELEBREX 100 MG;3;0;0;1;1;1
CELEBREX 200 MG;3;0;0;1;1;1
CELESTAMIN SYR 30 ML;5;0;0;1;1;1
CELESTAMIN SYR 60 ML;5;0;0;1;1;1
CELESTAMIN 2;2;0;0;1;1;1
CEN2IO CR;4;0;0;1;1;1
CEREBROFORT GOLD 100 ML;5;0;0;1;1;1
CEREBROFORT GOLD 200 ML;5;0;0;1;1;1
CEREBROFORT GUMMY 7;7;0;0;1;1;1
CERINI SYR;5;0;0;1;1;1
CERINI 2;2;0;0;1;1;1
CETIRIZINE 10MG;2;0;0;1;1;1
CETIRIZINE SYR 5 MG;5;0;0;1;1;1
CETOP ZINK;2;0;0;1;1;1
CHARM BF MAXI WINGS 10';10;0;0;1;1;1
CHARM BF MAXI WINGS 30';10;0;0;1;1;1
CHARM BF NON WINGS 10';10;0;0;1;1;1
CHARM SAFE NIGHT 10';10;0;0;1;1;1
CHLORAMFECORT CR;4;0;0;1;1;1
CHLORAMFECORT H CR;4;0;0;1;1;1
CINDALA GEL;4;0;0;1;1;1
CINOLON CR 10 GR;4;0;0;1;1;1
CINOLON N CR 10 GR;4;0;0;1;1;1
CINOLON N CR 5 GR;4;0;0;1;1;1
CIPACING;7;0;0;1;1;1
CIPROFLOXACIN 500 MG;2;0;0;1;1;1
CITICOLINE 500 MG;2;0;0;1;1;1
CITOCETINE SYR;5;0;0;1;1;1
CLINDAMICYN 300 MG;3;0;0;1;1;1
CLINDAMYCIN 150 MG;3;0;0;1;1;1
CLONIDINE 0.15 MG;2;0;0;1;1;1
CLOPIDOGREL 2;2;0;0;1;1;1
CO-AMOXICLAVE 625 MG 2;2;0;0;1;1;1
COHISTAN SYR 100 ML;5;0;0;1;1;1
COHISTAN SYR 60 ML;5;0;0;1;1;1
COLDREXIN SYR;5;0;0;1;1;1
COLFIN SYR;5;0;0;1;1;1
COMBANTRIN 250 MG;9;0;0;1;1;1
COMBANTRIN SYR JERUK;5;0;0;1;1;1
COMBIVENT UDV;12;0;0;1;1;1
COMTUSI SYR 100 ML;5;0;0;1;1;1
COMTUSI SYR 60 ML;5;0;0;1;1;1
CONCOR 2.5 MG;2;0;0;1;1;1
CONCOR 5 MG;2;0;0;1;1;1
CONTREX 2;9;0;0;1;1;1
CONTREXIN 2;9;0;0;1;1;1
COOLFEVER ANAK;1;0;0;1;1;1
COOLFEVER DEWASA;1;0;0;1;1;1
COOLING 5;5;0;0;1;1;1
COOLING 5 PLUS ORANGE;5;0;0;1;1;1
COPAL 25 GR;4;0;0;1;1;1
COPARCETIN SYR;5;0;0;1;1;1
CORDARONE 200 MG;2;0;0;1;1;1
CORTIDEX 2;2;0;0;1;1;1
COTRIMOXAZOLE 480 MG;2;0;0;1;1;1
COTRIMOXAZOLE SYR;5;0;0;1;1;1
COTTON BUD BABY SAFE 50';7;0;0;1;1;1
COTTON BUD HUKI DWS 100';7;0;0;1;1;1
COTTON BUDS BABY SELECTION;10;0;0;1;1;1
COTTON BUDS CHARMI;10;0;0;1;1;1
COTTON BUDS HUKI 100';10;0;0;1;1;1
COUNTERPAIN 15 GR;4;0;0;1;1;1
COUNTERPAIN 30 GR;4;0;0;1;1;1
COUNTERPAIN 5 GR;4;0;0;1;1;1
COUNTERPAIN 60 GR;4;0;0;1;1;1
COUNTERPAIN COOL 15 GR;4;0;0;1;1;1
CTM 9;9;0;0;1;1;1
CURCUMA DHA+PREBIO STRAW;5;0;0;1;1;1
CURCUMA DHA+PREBIOTIK JERUK;5;0;0;1;1;1
CURCUMA EMULSION 200 ML;5;0;0;1;1;1
CURCUMA PLUS IMUNS;5;0;0;1;1;1
CURCUMA PLUS SYR;5;0;0;1;1;1
CURCUMA 2;2;0;0;1;1;1
CURLIV PLUS;5;0;0;1;1;1
CURVIT EMULSION;5;0;0;1;1;1
CURVIT SYR 60 ML;5;0;0;1;1;1
CURVIT 2;9;0;0;1;1;1
CUSSONC BABY KRIM 50 GRAM (BIRU);6;0;0;1;1;1
CUSSONS BABY OIL 100 ML;5;0;0;1;1;1
CUSSONS BABY POWDER 100 + 50 GRAM;5;0;0;1;1;1
CUSSONS BABY POWDER 75 GR;6;0;0;1;1;1
CUSSONS SABUN BAYI;11;0;0;1;1;1
DAKTARIN CR 10 GR;4;0;0;1;1;1
DAKTARIN CR 5 GR;4;0;0;1;1;1
DAKTARIN POWDER;5;0;0;1;1;1
DAMABEN 10 MG;2;0;0;1;1;1
DAPYRIN 2;2;0;0;1;1;1
DARSI CAP 12'S;8;0;0;1;1;1
DARSI PIL;8;0;0;1;1;1
DARYAN TULLE;1;0;0;1;1;1
DECADRYL SYR B;5;0;0;1;1;1
DECADRYL SYR K;5;0;0;1;1;1
DECOLGEN SYR;5;0;0;1;1;1
DECOLGEN 2;9;0;0;1;1;1
DECOLSIN CAPS;9;0;0;1;1;1
DECOLSIN SYR 60 ML;5;0;0;1;1;1
DEGIROL '10 2;9;0;0;1;1;1
DEMACOLIN 2;2;0;0;1;1;1
DERMAFIX 10 X 15 CM;1;0;0;1;1;1
DERMAFIX 10 X 20 CM;1;0;0;1;1;1
DERMAFIX T (TYPE A) 10 X 25 CM;1;0;0;1;1;1
DERMATIX ULTRA 5 GR;4;0;0;1;1;1
DERMOVATE CR 10 GR;4;0;0;1;1;1
DERMOVATE CR 5 GR;4;0;0;1;1;1
DERMOVATE OINT 10GR;4;0;0;1;1;1
DESOLEX CR 10GR;4;0;0;1;1;1
DESOXIMETASONE 0.25% CR;4;0;0;1;1;1
DETTOL LIG 1 L;5;0;0;1;1;1
DETTOL LIG 245 ML;5;0;0;1;1;1
DETTOL LIG 495 ML;5;0;0;1;1;1
DETTOL LIG 50 ML;5;0;0;1;1;1
DETTOL LIG 95 ML;5;0;0;1;1;1
DEXAMETHASONE 0.5 MG;2;0;0;1;1;1
DEXAMETHASONE 0.75 MG;2;0;0;1;1;1
DEXANTA SYR;5;0;0;1;1;1
DEXANTA 2;9;0;0;1;1;1
DEXKETOPROFEN 25 MG;2;0;0;1;1;1
DEXTAMINE SYR;5;0;0;1;1;1
DEXTAMINE 2;2;0;0;1;1;1
DEXTEEM PLUS;2;0;0;1;1;1
DEXTRAL CAP 150MG;9;0;0;1;1;1
DEXTRAL SYR 60ML;5;0;0;1;1;1
DIANE 35;8;0;0;1;1;1
DIAPERS PEREKAT SATUAN (M);1;0;0;1;1;1
DIAPET '10;9;0;0;1;1;1
DIAPET NR 2;9;0;0;1;1;1
DIAPET SYR;5;0;0;1;1;1
DIGENTA CR 10 GR;4;0;0;1;1;1
DIGOXIN 0.25 MG;2;0;0;1;1;1
DIMENHIDRINATE;2;0;0;1;1;1
DIONICOL 500 MG;2;0;0;1;1;1
DIPROGENTA CR 5 GR;4;0;0;1;1;1
DIPROGENTA OINT 10GR;4;0;0;1;1;1
DIPROGENTA OINT 5GR;4;0;0;1;1;1
DIPROSONE OV CR 5 GR;4;0;0;1;1;1
DIVOLTAR 50 MG;2;0;0;1;1;1
DOBRIZOL CAPS;3;0;0;1;1;1
DOLO NEUROBION;2;0;0;1;1;1
DOMPERIDON 10 MG;2;0;0;1;1;1
DOUBLE SPIKE INFUSION;1;0;0;1;1;1
DOXYCYCLINE 100 MG;3;0;0;1;1;1
DRAMAMINE 2;2;0;0;1;1;1
DULCOLACTOL SYR;5;0;0;1;1;1
DULCOLAX '10;8;0;0;1;1;1
DULCOLAX '4;9;0;0;1;1;1
DULCOLAX SUPP ADULT;1;0;0;1;1;1
DULCOLAX SUPP CHILD;1;0;0;1;1;1
DUMIN SYR;5;0;0;1;1;1
DUMIN 2;2;0;0;1;1;1
DUREX PLAY 100ML;6;0;0;1;1;1
DUREX PLAY 50ML;6;0;0;1;1;1
EFISOL LOZ;9;0;0;1;1;1
EGOJI CHEWY GUMMY 7;7;0;0;1;1;1
ELKANA CL EMULSI 120ML;5;0;0;1;1;1
ELKANA SYR;5;0;0;1;1;1
ELKANA 2;2;0;0;1;1;1
ELLGY PLUS 50GR(BESAR);4;0;0;1;1;1
ELOCON CR 10 GR;4;0;0;1;1;1
ELOCON CR 5 GR;4;0;0;1;1;1
ELOX CR 10 GR;4;0;0;1;1;1
ELOX CR 5 GR;4;0;0;1;1;1
EM 3UL;8;0;0;1;1;1
ENATIN CAP;3;0;0;1;1;1
ENBATIC 7ET;7;0;0;1;1;1
ENERVON C '30;6;0;0;1;1;1
ENERVON C '4;9;0;0;1;1;1
ENERVON C ACTIVE 30 2;6;0;0;1;1;1
ENERVON C ACTIVE '4;9;0;0;1;1;1
ENERVON C SYR B;5;0;0;1;1;1
ENKASARI HERBAL;5;0;0;1;1;1
ENTROSTOP;9;0;0;1;1;1
ENTROSTOP ANAK;7;0;0;1;1;1
ENZYPLEX 2;9;0;0;1;1;1
EPERISONE 2;2;0;0;1;1;1
EPEXOL 30 MG 2;2;0;0;1;1;1
EPEXOL DROPS;5;0;0;1;1;1
EPEXOL SYR;5;0;0;1;1;1
EPISAN SUSP 100 ML;5;0;0;1;1;1
ERLAMYCETIN EAR DROPS 1%;6;0;0;1;1;1
ERLAMYCETIN EO;4;0;0;1;1;1
ERLAMYCETIN PLUS ED;6;0;0;1;1;1
ERPHAFLAM 50 MG;2;0;0;1;1;1
ESPERSON 5 GR;4;0;0;1;1;1
ESPERSON CR 15GR;4;0;0;1;1;1
ESTER C 30';6;0;0;1;1;1
ESTER C KIDS 30';6;0;0;1;1;1
ESTER C 2 4';9;0;0;1;1;1
ETAFLUSIN SYR;8;0;0;1;1;1
EVER E 250 IU '30 CAPS;5;0;0;1;1;1
EYEVIT 2;2;0;0;1;1;1
FAKTU SUPP;1;0;0;1;1;1
FAMOCID 20 MG;3;0;0;1;1;1
FARMACROL F SYR;5;0;0;1;1;1
FARSIFEN 200 MG;2;0;0;1;1;1
FARSIFEN 400 MG;2;0;0;1;1;1
FARSIFEN PLUS 2;2;0;0;1;1;1
FARTOLIN EXP;5;0;0;1;1;1
FASIDOL 500 MG 2;2;0;0;1;1;1
FASIDOL FORTE SYR;5;0;0;1;1;1
FASIDOL FORTE 2;2;0;0;1;1;1
FASIDOL SYR;5;0;0;1;1;1
FASOLON CR 10GR;4;0;0;1;1;1
FASOLON CR 5GR;4;0;0;1;1;1
FATIGON SPIRIT;9;0;0;1;1;1
FATIGON 2;9;0;0;1;1;1
FEMINAX 2;9;0;0;1;1;1
FENOFIBRATE 200MG;3;0;0;1;1;1
FG TROCHES;2;0;0;1;1;1
FISHERMAN (HIJAU);7;0;0;1;1;1
FITKOM 2;6;0;0;1;1;1
FLAGYSTATIN SUPP;1;0;0;1;1;1
FLAMAR 50;2;0;0;1;1;1
FLAMAR GEL;4;0;0;1;1;1
FLUCADEX PE SIRUP;5;0;0;1;1;1
FLUCADEX PE 2LET;2;0;0;1;1;1
FLUCADEX SYR;5;0;0;1;1;1
FLUCADEX 2 9;2;0;0;1;1;1
FLUGESIC 2;9;0;0;1;1;1
FLUIMUCIL 100 7;7;0;0;1;1;1
FLUIMUCIL 200 CAPS;3;0;0;1;1;1
FLUIMUCIL 200 7;7;0;0;1;1;1
FLUMIN SYR;5;0;0;1;1;1
FLUTAMOL 2;2;0;0;1;1;1
FLUTROP 2;2;0;0;1;1;1
FOLAMIL GENIO;6;0;0;1;1;1
FOLAVIT 2;2;0;0;1;1;1
FOLIC ACID 1MG;6;0;0;1;1;1
FORMYCO CR;4;0;0;1;1;1
FORUMEN EAR DROP;5;0;0;1;1;1
FRESHCARE PATCH;10;0;0;1;1;1
FUNDAMIN E;2;0;0;1;1;1
FUNGIDERM CR 10 GR;4;0;0;1;1;1
FUNGIDERM CR 5 GR;4;0;0;1;1;1
FUROSEMIDE 40 MG;2;0;0;1;1;1
GABAPENTIN 300MG;3;0;0;1;1;1
GASTRAN;2;0;0;1;1;1
GASTRUCID SYR;5;0;0;1;1;1
GASTRUCID 2;9;0;0;1;1;1
GAZERO 7ET;7;0;0;1;1;1
GELIGA CAIR 30ML;5;0;0;1;1;1
GELIGA CAIR 60ML;5;0;0;1;1;1
GEMFIBROZIL 300 MG;3;0;0;1;1;1
GENOINT SALEP MATA;4;0;0;1;1;1
GENOINT SK 15GR;4;0;0;1;1;1
GENOINT TETES MATA;5;0;0;1;1;1
GENTAMYCIN SK;4;0;0;1;1;1
GENTASOLON CR 5GR;4;0;0;1;1;1
GENTIAN VIOLET 30 ML;6;0;0;1;1;1
GG 2(GLISERIL GUAIACOLA;2;0;0;1;1;1
GLIBENCLAMIDE 5 MG 2;2;0;0;1;1;1
GLIMEPIRID 1 MG;2;0;0;1;1;1
GLIMEPIRID 2 MG;2;0;0;1;1;1
GLIMEPIRID 3 MG;2;0;0;1;1;1
GLIMEPIRID 4 MG;2;0;0;1;1;1
GLUCOPHAGE 500 2;2;0;0;1;1;1
GLUCOPHAGE XR 500;2;0;0;1;1;1
GLUCOSAMINE MPL 250;2;0;0;1;1;1
GLUCOSAMINE MPL 500 MG;2;0;0;1;1;1
GLUCOVANCE 250/1.25 MG;2;0;0;1;1;1
GLUCOVANCE 500/2.5 MG 2;2;0;0;1;1;1
GLUCOVANCE 500/5MG 2;2;0;0;1;1;1
GLUDEPATIC 500;2;0;0;1;1;1
GLYCERINE 30 ML;6;0;0;1;1;1
GOTIK 5ML;6;0;0;1;1;1
GRAFACHLOR 2;2;0;0;1;1;1
GRAFADON 500 MG;2;0;0;1;1;1
GRAFALIN 4 MG;2;0;0;1;1;1
GRANTUSIF 2;2;0;0;1;1;1
GRATHAZON 2 0,5 MG;2;0;0;1;1;1
GRAZEO 10 MG;2;0;0;1;1;1
GRAZEO 20MG;2;0;0;1;1;1
GRISEOFULVIN 125;2;0;0;1;1;1
GUANISTREP SYR;5;0;0;1;1;1
GURAH FIT MADU;5;0;0;1;1;1
H C T 25MG(HIDROCORTIAZID;2;0;0;1;1;1
H2O2 TETES TELINGA;5;0;0;1;1;1
HABBAT'S 100';5;0;0;1;1;1
HABBATUSAUDA AJWA 120';6;0;0;1;1;1
HABBATUSSAUDA AJWA 100';5;0;0;1;1;1
HABBATUSSAUDA AJWA 210';6;0;0;1;1;1
HAEMOCAIN CR;4;0;0;1;1;1
HALMEZIN SYR;5;0;0;1;1;1
HANSAPLAST 12OP 10';9;0;0;1;1;1
HANSAPLAST JUMBO;1;0;0;1;1;1
HANSAPLAST KIDS;1;0;0;1;1;1
HANSAPLAST LOZZ;1;0;0;1;1;1
HANSAPLAST TRANSPARAN '10;9;0;0;1;1;1
HCG TEST PACK;1;0;0;1;1;1
HEMAVITON ACTION 2;9;0;0;1;1;1
HEMAVITON CARDIO CAP '10;8;0;0;1;1;1
HEMAVITON STAMINA PLUS;9;0;0;1;1;1
HEMORID CAPS;9;0;0;1;1;1
HERBAKOF SYR 100ML;5;0;0;1;1;1
HERBAKOF SYR 60 ML;5;0;0;1;1;1
HEROCYN BABY POWDER 100 GR;5;0;0;1;1;1
HEROCYN POWDER 150 GR;6;0;0;1;1;1
HEROCYN POWDER 85 GR;6;0;0;1;1;1
HEXADOL GARGLE 100 ML;5;0;0;1;1;1
HEXADOL GARGLE 60 ML;5;0;0;1;1;1
HEXOS;7;0;0;1;1;1
HISTAPAN;2;0;0;1;1;1
HISTIGO 6MG;2;0;0;1;1;1
HOBAHSTRO 60';6;0;0;1;1;1
HOT IN CR 120 ML (BOTOL);5;0;0;1;1;1
HOT IN CR AROMATERAPI 4 60 GR;4;0;0;1;1;1
HOT IN CR AROMATHERAPY BOTOL 120 ML;5;0;0;1;1;1
HOT IN CR STRONG BOTOL 120ML;5;0;0;1;1;1
HOT IN CR STRONG GO;5;0;0;1;1;1
HOT IN CR STRONG 4 120 GR;4;0;0;1;1;1
HOT IN CR STRONG 4 60 GR;4;0;0;1;1;1
HOT IN CR 4 120 GR;4;0;0;1;1;1
HOT IN CR 4 60 GR;4;0;0;1;1;1
HOTIN DCL 30GR;4;0;0;1;1;1
HOTIN DCL 60 GR;4;0;0;1;1;1
HUFABETHAMIN SYR 60 ML;5;0;0;1;1;1
HUFADON SYR;5;0;0;1;1;1
HUFAGESIC DROPS;6;0;0;1;1;1
HUFAGESIC SYR;5;0;0;1;1;1
HUFAGRIP BOOSTER SYR;5;0;0;1;1;1
HUFAGRIP BP SYR (HIJAU);5;0;0;1;1;1
HUFAGRIP FORTE 2;2;0;0;1;1;1
HUFAGRIP PILEK SYR (BIRU);5;0;0;1;1;1
HUFAGRIP SYR (KUNING);5;0;0;1;1;1
HUFAGRIP TMP(PANAS);5;0;0;1;1;1
HUFAMAG PLUS SYR;5;0;0;1;1;1
HUFAMAG PLUS 2;2;0;0;1;1;1
HUKI BOTOL DOT 120 ML;5;0;0;1;1;1
HUKI BOTOL DOT 60 ML;5;0;0;1;1;1
HUKI KARET DOT 1' (L);1;0;0;1;1;1
HUKI KARET DOT 1' (M);1;0;0;1;1;1
HUKI KARET DOT 1' (S);1;0;0;1;1;1
HUKI KARET DOT 3' (L);10;0;0;1;1;1
HUKI KARET DOT 3' (M);10;0;0;1;1;1
HUKI KARET DOT 3' (S);10;0;0;1;1;1
HUKI LIQUID CLEANSER;7;0;0;1;1;1
HYDROCORTISON 1 %;4;0;0;1;1;1
HYDROCORTISON 2.5 %;4;0;0;1;1;1
HYPAFIX 5 CM X 1 M;8;0;0;1;1;1
HYPAFIX 5 X 5M;8;0;0;1;1;1
IBUPROFEN 400 MG;2;0;0;1;1;1
ICHTYOL 15G;6;0;0;1;1;1
IFREE PATCH HAID SATUAN;8;0;0;1;1;1
IKADERM CR;4;0;0;1;1;1
IKADRYL SYR 100 ML;5;0;0;1;1;1
IKADRYL SYR 60 ML;5;0;0;1;1;1
ILLIADIN 0.5% DEWASA;6;0;0;1;1;1
ILLIADIN ANAK;6;0;0;1;1;1
IMBOOST EFFERVESCENT;9;0;0;1;1;1
IMBOOST FORCE SYR 120 ML;5;0;0;1;1;1
IMBOOST FORCE SYR 60 ML;5;0;0;1;1;1
IMBOOST FORCE 2;2;0;0;1;1;1
IMBOOST SYR 120 ML;5;0;0;1;1;1
IMBOOST SYR 60 ML;5;0;0;1;1;1
IMBOOST 2;2;0;0;1;1;1
IMODIUM;2;0;0;1;1;1
IMUNOS;2;0;0;1;1;1
IMUNPED SIRUP 60 ML;5;0;0;1;1;1
INCIDAL OD;3;0;0;1;1;1
INERSON CR 15 GR;4;0;0;1;1;1
INPEPSA SYR 100 ML;5;0;0;1;1;1
INSTO B;6;0;0;1;1;1
INSTO K;6;0;0;1;1;1
INTERHISTIN 2;2;0;0;1;1;1
INTUNAL FORTE;2;0;0;1;1;1
INTUNAL SYR;5;0;0;1;1;1
INZA 2;9;0;0;1;1;1
INZANA;9;0;0;1;1;1
IRBESARTAN 150 MG;2;0;0;1;1;1
IRBESARTAN 300 MG;2;0;0;1;1;1
ISOPRINOSINE 2;2;0;0;1;1;1
ISOSORBIDE DINITRAT 5 MG;2;0;0;1;1;1
ITRABAT SYR 100;5;0;0;1;1;1
ITRAMOL SYR;5;0;0;1;1;1
JAMKORAT MADU;5;0;0;1;1;1
JESSCOOL;1;0;0;1;1;1
JF SULFUR SABUN;11;0;0;1;1;1
JJ BABY CREAM 50 ML;4;0;0;1;1;1
JJ BABY OIL 50 ML;5;0;0;1;1;1
JJ BABY POWDER 50 GR;5;0;0;1;1;1
K S R;2;0;0;1;1;1
K. DUREX EXTRA SAFE 12'S;8;0;0;1;1;1
K. DUREX EXTRA SAFE 3'S;8;0;0;1;1;1
K. DUREX FETHERLITE 3'S;8;0;0;1;1;1
K. DUREX LOVE 3';10;0;0;1;1;1
K. DUREX TOGETHER 3';8;0;0;1;1;1
K. FIESTA BANANA 3'S;8;0;0;1;1;1
K. FIESTA DOTTED 3'S;8;0;0;1;1;1
K. FIESTA PARTY PACK 12'S;8;0;0;1;1;1
K. FIESTA STRAWBERRY 3'S;8;0;0;1;1;1
K. FIESTA ULTRA SAFE 3'S;8;0;0;1;1;1
K. FIESTA ULTRA THIN;8;0;0;1;1;1
K. SUTRA '12 (MERAH);8;0;0;1;1;1
K. SUTRA '3 (MERAH);9;0;0;1;1;1
K. SUTRA BIRU 3';9;0;0;1;1;1
K. SUTRA OK 12'S;8;0;0;1;1;1
K. SUTRA OK '3 (HITAM);9;0;0;1;1;1
K.P. LANG 120 ML;8;0;0;1;1;1
K.P. LANG 15 ML;5;0;0;1;1;1
K.P. LANG 30 ML;5;0;0;1;1;1
K.P. LANG 60 ML;5;0;0;1;1;1
K.P. SIDOLA 100 ML;5;0;0;1;1;1
K.P. SIDOLA 30 ML;5;0;0;1;1;1
K.P. SIDOLA 55 ML;5;0;0;1;1;1
KADITIC 50MG 2;2;0;0;1;1;1
KAFLAM 50;2;0;0;1;1;1
KALCINOL N K;4;0;0;1;1;1
KALIUM DIKLOFENAK 50 MG;2;0;0;1;1;1
KALMETHASONE 2;2;0;0;1;1;1
KALMICETIN OINT;4;0;0;1;1;1
KALNEX 500 MG;2;0;0;1;1;1
KALPANAX CAIR (15 MERAH);6;0;0;1;1;1
KALPANAX CR;4;0;0;1;1;1
KALPANAX SALEP;4;0;0;1;1;1
KANDISTATIN DROPS;6;0;0;1;1;1
KANNA 15 GR;5;0;0;1;1;1
KANNA 30 GR;5;0;0;1;1;1
KANTUNG ASI (ISI 30);8;0;0;1;1;1
KANTUNG ASI (ISI 5);10;0;0;1;1;1
KAPAS 100 GR;1;0;0;1;1;1
KAPAS 25 GR;1;0;0;1;1;1
KAPAS 250 GR;1;0;0;1;1;1
KAPAS 50 GR;1;0;0;1;1;1
KAPAS 500 GR;1;0;0;1;1;1
KAPAS BOLA MEDISOFT;7;0;0;1;1;1
KAPAS BOLA WELLNESS;7;0;0;1;1;1
KAPAS FACIAL KECIL;7;0;0;1;1;1
3UL TUNTAS;8;0;0;1;1;1
KASSA STERIL KAMBIUM;8;0;0;1;1;1
KASSA STERIL ONEMED;8;0;0;1;1;1
KEJIBELING;9;0;0;1;1;1
KEMBANG BULAN;6;0;0;1;1;1
KENACORT A CR;4;0;0;1;1;1
KENACORT 2;2;0;0;1;1;1
KENALOG IN ORABASE;4;0;0;1;1;1
KENDARON 200 MG;2;0;0;1;1;1
KENSHIN;9;0;0;1;1;1
KETESSE 2;2;0;0;1;1;1
KETOCONAZOLE 200 MG 2;2;0;0;1;1;1
KETOCONAZOLE CR 10 GR;4;0;0;1;1;1
KETOCONAZOLE CR 15 GR;4;0;0;1;1;1
KETOCONAZOLE CR 5 GR;4;0;0;1;1;1
KETOMED SS;6;0;0;1;1;1
KETRICIN ORABASE 0,1%(CR);4;0;0;1;1;1
KIRANTI;5;0;0;1;1;1
KLODERMA CR 10 GR;4;0;0;1;1;1
KLODERMA CR 5 GR;4;0;0;1;1;1
KLODERMA OINT 5 GR;4;0;0;1;1;1
KOMIX HERBAL 15 ML;5;0;0;1;1;1
KOMIX JAHE;7;0;0;1;1;1
KOMIX JERUK NIPIS;7;0;0;1;1;1
KOMIX KIDS;7;0;0;1;1;1
KOMIX MINT;7;0;0;1;1;1
KOMIX OBH;7;0;0;1;1;1
KONIDIN 2;9;0;0;1;1;1
KOTAK P 3 K;8;0;0;1;1;1
KOYO CAP CABE;7;0;0;1;1;1
KOYO HANSAPLAST HOT;7;0;0;1;1;1
KOYO SALONPAS;7;0;0;1;1;1
KOYO SALONPAS HOT;7;0;0;1;1;1
KOYO SALONPAS PATCH 2'S;7;0;0;1;1;1
KULDON SARIAWAN 2;9;0;0;1;1;1
KUNYIT ASAM;7;0;0;1;1;1
LACOLDIN SYR 60 ML;5;0;0;1;1;1
LACOLDIN 2;2;0;0;1;1;1
LACTACYD LIQ BIRU 60 ML;5;0;0;1;1;1
LACTACYD LIQ PINK 60 ML;5;0;0;1;1;1
LACTO B;7;0;0;1;1;1
LACTULAX SYR 120 ML;5;0;0;1;1;1
LACTULAX SYR 60 ML;5;0;0;1;1;1
L-ACYS;3;0;0;1;1;1
LAFALOS CR;4;0;0;1;1;1
LAFALOS PLUS CR;4;0;0;1;1;1
LAFLANAC 25 MG;2;0;0;1;1;1
LAGESIL SYR KECIL;5;0;0;1;1;1
LAMANDEL BOTOL;5;0;0;1;1;1
LAMANDEL 15;8;0;0;1;1;1
LAMBUCID SYR 100 ML;5;0;0;1;1;1
LAMBUCID SYR 60 ML;5;0;0;1;1;1
LAMESON  4 MG;2;0;0;1;1;1
LAMESON  8 MG;2;0;0;1;1;1
LAMESON 16 MG;2;0;0;1;1;1
LANADEXON 2;2;0;0;1;1;1
LANCAR ASI;8;0;0;1;1;1
LANSOPRAZOLE 30 MG;3;0;0;1;1;1
LAPIBAL 500;2;0;0;1;1;1
LAPIFED 2;2;0;0;1;1;1
LAPISIV SYR;5;0;0;1;1;1
LAPRAZ 3UL;3;0;0;1;1;1
LAR BOTOL BESAR;5;0;0;1;1;1
LAR K3 BOTOL K;5;0;0;1;1;1
LAR K3 KALENG;6;0;0;1;1;1
LAR. CAP BADAK ANAK;5;0;0;1;1;1
LASAL EXP SYR;5;0;0;1;1;1
LASAL SYR;5;0;0;1;1;1
LASERIN MADU 100ML;5;0;0;1;1;1
LASERIN MADU 30 ML;5;0;0;1;1;1
LASERIN MADU 60 ML;5;0;0;1;1;1
LASERIN SYR 100 ML;5;0;0;1;1;1
LASERIN SYR 30 ML;5;0;0;1;1;1
LASERIN SYR 60 ML;5;0;0;1;1;1
LASIX;2;0;0;1;1;1
LAXADINE SYR 60 ML;5;0;0;1;1;1
LAXING 10';9;0;0;1;1;1
L-BIO SAC;7;0;0;1;1;1
LELAP KAPLET;9;0;0;1;1;1
LERZIN CAPS;3;0;0;1;1;1
LERZIN SYR;5;0;0;1;1;1
LEUKOPLAST 1,25 X 1 M;1;0;0;1;1;1
LEUKOPLAST 1.25 X 5 M;1;0;0;1;1;1
LEVOFLOXACIN 2;2;0;0;1;1;1
LIDOCAINE COMPOSITUM INJ;12;0;0;1;1;1
LIFREE DIAPERS DEWASA (L);1;0;0;1;1;1
LIFREE DIAPERS DEWASA (M);1;0;0;1;1;1
LIFREE DIAPERS DEWASA (XL);1;0;0;1;1;1
LINCOMYCIN 500 MG;3;0;0;1;1;1
LIPITOR 20 MG;2;0;0;1;1;1
LISINOPRIL 5 MG;2;0;0;1;1;1
LISTERINE CITRUS 100 ML;5;0;0;1;1;1
LISTERINE CITRUS 250 ML;5;0;0;1;1;1
LISTERINE COOL MINT 250 ML;5;0;0;1;1;1
LISTERINE COOLMINT 100 ML;5;0;0;1;1;1
LISTERINE ORIGINAL 250 ML;5;0;0;1;1;1
LIVRON B PLEX;9;0;0;1;1;1
LO HAN KO;1;0;0;1;1;1
LODECON FORTE;2;0;0;1;1;1
LODIA 2;2;0;0;1;1;1
LOKEV;3;0;0;1;1;1
LORATADIN 10 MG 2;2;0;0;1;1;1
L-ZINC SYRUP 100 ML;5;0;0;1;1;1
M B K BIASA;7;0;0;1;1;1
M B K SUPER;7;0;0;1;1;1
M. GANDAPURA IKA 100 ML;5;0;0;1;1;1
M. GANDAPURA IKA 30 ML;5;0;0;1;1;1
M. GANDAPURA IKA 60 ML;5;0;0;1;1;1
M. IKAN '20;7;0;0;1;1;1
M. IKAN 50';5;0;0;1;1;1
M. SERE 100 ML;5;0;0;1;1;1
M. SERE 30ML;5;0;0;1;1;1
M. TAWON CC;5;0;0;1;1;1
M. TAWON DD;5;0;0;1;1;1
M. TAWON EE;5;0;0;1;1;1
M. TAWON FF;5;0;0;1;1;1
M. TELON CAP LANG 30ML;5;0;0;1;1;1
M. TELON CAP LANG 60 ML;5;0;0;1;1;1
M. TELON PLUS MY BABY 150;5;0;0;1;1;1
M. TELON PLUS MY BABY 60;5;0;0;1;1;1
M. TELON PLUS MY BABY 90;5;0;0;1;1;1
M. URUT CAP LANG 30 ML;5;0;0;1;1;1
M. URUT CAP LANG 60 ML;5;0;0;1;1;1
M.A  FRESH CARE;6;0;0;1;1;1
M.A  SAFE CARE AROMA;6;0;0;1;1;1
M.A PLOSSA;6;0;0;1;1;1
M.A PLOSSA (KECIL);5;0;0;1;1;1
M.A. KA10 10 ML;6;0;0;1;1;1
M.A. KA10 14 ML;6;0;0;1;1;1
M.A. KA10 28 ML;6;0;0;1;1;1
M.A. KA10 3 ML;6;0;0;1;1;1
M.A. KA10 5 ML;6;0;0;1;1;1
M.A. LANG 12ML;6;0;0;1;1;1
M.A. LANG NO 2 S;6;0;0;1;1;1
M.A. LANG NO 3 K;6;0;0;1;1;1
MADU KURMA MANGGIS;5;0;0;1;1;1
MADU LEBAH LIAR;5;0;0;1;1;1
MADU NUSANTARA SUPER 100;5;0;0;1;1;1
MADU NUSANTARA SUPER 250;5;0;0;1;1;1
MADU PAHIT PLUS PROPOLIS;5;0;0;1;1;1
MADU SYAMIL ANAK;5;0;0;1;1;1
MADU SYAMIL FAMILY;5;0;0;1;1;1
MADU TJ JOYBEE JERUK 100;5;0;0;1;1;1
MADU TJ MURNI 150GR;5;0;0;1;1;1
MADU TJ MURNI 250 GRAM;5;0;0;1;1;1
MADU TJ 7ET;7;0;0;1;1;1
MADURASA;7;0;0;1;1;1
MAGTRAL FORTE SYR 120ML;5;0;0;1;1;1
MAGTRAL SYR 120ML;5;0;0;1;1;1
MAMY POKO L30;10;0;0;1;1;1
MAMY POKO M34;10;0;0;1;1;1
MAMY POKO M50;10;0;0;1;1;1
MAMY POKO NB-S 44;10;0;0;1;1;1
MAMY POKO S40;10;0;0;1;1;1
MARKS POWDER;6;0;0;1;1;1
MASKER ANAK 50';8;0;0;1;1;1
MASKER ANAK SATUAN;1;0;0;1;1;1
MASKER BLACK ONEMED 25';8;0;0;1;1;1
MASKER DINAKU 50';8;0;0;1;1;1
MASKER DINAKU HIJAB 50';8;0;0;1;1;1
MASKER DUCKBILL 10';10;0;0;1;1;1
MASKER DUCKBILL 50';8;0;0;1;1;1
MASKER DUCKBILL ONEMED;8;0;0;1;1;1
MASKER HIJAB ONEMED 50';8;0;0;1;1;1
MASKER KF94;10;0;0;1;1;1
MASKER KF94 ANAK MOTIF;7;0;0;1;1;1
MASKER KF94 ANAK POLOS;7;0;0;1;1;1
MASKER KIFAMED 5';7;0;0;1;1;1
MASKER MEDICAL FACE MASK 50';8;0;0;1;1;1
MASKER MEDICAL FACE MASK SATUAN;1;0;0;1;1;1
MASKER ONEMED 50';8;0;0;1;1;1
MASKER SATUAN;1;0;0;1;1;1
MASKER SENSI DUCKBILL 3';7;0;0;1;1;1
MASKER THANKFULL 5';7;0;0;1;1;1
MASKER THANKFULL HIJAB 5';7;0;0;1;1;1
MAXIMUS;8;0;0;1;1;1
MECOBALAMIN 500 MG;3;0;0;1;1;1
MEDICREPE 10 CM X 4,5 M;1;0;0;1;1;1
MEDICREPE 7,5 CM X 4,5 M;1;0;0;1;1;1
MEDIFLEX CR 30 GR;4;0;0;1;1;1
MEDIKLIN GEL;4;0;0;1;1;1
MEDIKLIN 'TR' GEL;4;0;0;1;1;1
MEFINAL 250 MG;2;0;0;1;1;1
MEFINAL 500 MG;2;0;0;1;1;1
MEFUROSAN CR;4;0;0;1;1;1
MEGAZING 2;2;0;0;1;1;1
MELANOX CR;4;0;0;1;1;1
MELOXICAM 15 MG;2;0;0;1;1;1
MELOXICAM 7.5 MG;2;0;0;1;1;1
MERISLON 12MG;2;0;0;1;1;1
MERISLON 6 MG;2;0;0;1;1;1
MERTIGO 2;2;0;0;1;1;1
METFORMIN 500 MG;2;0;0;1;1;1
METFORMIN 850 MG;2;0;0;1;1;1
METHYCOBALT 500 MG;3;0;0;1;1;1
METHYL PREDNISOLON  4 MG;2;0;0;1;1;1
METHYL PREDNISOLON  8 MG;2;0;0;1;1;1
METHYL PREDNISOLON 16 MG;2;0;0;1;1;1
METRONIDAZOLE 500 MG;2;0;0;1;1;1
MICONAZOLE CR;4;0;0;1;1;1
MICROGYNON LIBI;8;0;0;1;1;1
MICROLAX;4;0;0;1;1;1
MICROPORE 1,5 CM (KECIL);1;0;0;1;1;1
MICROPORE 2,5 CM (SEDANG);1;0;0;1;1;1
MICROPORE 5 CM (BESAR);1;0;0;1;1;1
MILTON;7;0;0;1;1;1
MINOSEP GARGLE 150 ML;5;0;0;1;1;1
MIRASIC 500 MG;2;0;0;1;1;1
MITELLA;1;0;0;1;1;1
MIXAGRIP FLU&BATUK;9;0;0;1;1;1
MIXAGRIP 2;9;0;0;1;1;1
MOFACORT CR 5 GR;4;0;0;1;1;1
MOLACORT 2 0.5 MG;2;0;0;1;1;1
MOLACORT 2 0.75 MG;2;0;0;1;1;1
MOLAGIT 2;2;0;0;1;1;1
MOLAKRIM 30 GR;4;0;0;1;1;1
MOLEX FLU;2;0;0;1;1;1
MOLOCO B12;2;0;0;1;1;1
MOMETASONE CR 0.1% 10 GR;4;0;0;1;1;1
MOMETASONE CR 5 GR;4;0;0;1;1;1
MOMILEN DIAPER 15 GR;4;0;0;1;1;1
MOMILEN DIAPER 30 GR;4;0;0;1;1;1
MOMILEN IMUSIVE;5;0;0;1;1;1
MOMILEN NURSING CR 15 GR;4;0;0;1;1;1
MOMILEN NURSING CR 30 GR;4;0;0;1;1;1
MUCERA DROP;5;0;0;1;1;1
MUCERA SYR;5;0;0;1;1;1
MUCOHEXIN 2;2;0;0;1;1;1
MUCOPECT DROPS;5;0;0;1;1;1
MUCOPECT DWS SYR 60 ML;5;0;0;1;1;1
MUCOPECT PED SYR 60 ML;5;0;0;1;1;1
MUCOPECT 2;2;0;0;1;1;1
MUCOS DROPS;5;0;0;1;1;1
MUCOS SYR;5;0;0;1;1;1
MUCOSTA 2;2;0;0;1;1;1
MUPIROCIN OINT 10 GR;4;0;0;1;1;1
MY BABY KIDS SHAMPOO (BIRU);5;0;0;1;1;1
MY BABY KIDS SHAMPOO (PINK);5;0;0;1;1;1
MYCO Z  CR;4;0;0;1;1;1
MYCORAL CR K;4;0;0;1;1;1
MYCORAL 2 200 MG;2;0;0;1;1;1
MYCOSTATIN ORAL DROPS;5;0;0;1;1;1
MYLANTA SYR 150 ML;5;0;0;1;1;1
MYLANTA SYR 50 ML;5;0;0;1;1;1
MYLANTA 2;9;0;0;1;1;1
MYONAL;2;0;0;1;1;1
MYONEP 2;2;0;0;1;1;1
MYWELL VIT. D3 1000 IU;5;0;0;1;1;1
NACL 0.9% 100 ML;6;0;0;1;1;1
NACL 500 ML;6;0;0;1;1;1
NALGESTAN;2;0;0;1;1;1
NANO-NANO 5';7;0;0;1;1;1
NANO-NANO JOY-C;7;0;0;1;1;1
NANO-NANO MILKY 6';7;0;0;1;1;1
NAPACIN 2;9;0;0;1;1;1
NASAL ASPIRATOR (PEMBERSIH HIDUNG);1;0;0;1;1;1
NASPRO 2;9;0;0;1;1;1
NATRIUM DIKLOFENAK 50 MG;2;0;0;1;1;1
NATUR E 100 IU 16';8;0;0;1;1;1
NATUR E 100 IU 32';8;0;0;1;1;1
NATUR E 300 IU 16';8;0;0;1;1;1
NATUR E 300 IU 32';8;0;0;1;1;1
NATUR SLIM;7;0;0;1;1;1
NEBACETIN OINT 5GR;4;0;0;1;1;1
NEBACETIN POWDER;5;0;0;1;1;1
NEO HORMOVITON;9;0;0;1;1;1
NEO KAOLANA;5;0;0;1;1;1
NEO KAOMINAL SYR;5;0;0;1;1;1
NEO PROVIGOR;8;0;0;1;1;1
NEO RHEMACYL;2;0;0;1;1;1
NEO RHEMACYL NEURO 2;2;0;0;1;1;1
NEO RHEUMACYL CR (M);4;0;0;1;1;1
NEOZEP FORTE;9;0;0;1;1;1
NEPHROLIT;3;0;0;1;1;1
NERISONA COMBI 5 GR CR;4;0;0;1;1;1
NEURALGIN;2;0;0;1;1;1
NEUROBION 5000;2;0;0;1;1;1
NEUROBION 2 PUTIH;2;0;0;1;1;1
NEURODEX 2;2;0;0;1;1;1
NEUROFENAC PLUS 2;2;0;0;1;1;1
NEUROPYRON V;2;0;0;1;1;1
NEUROSANBE;2;0;0;1;1;1
NEUROSANBE 5000;2;0;0;1;1;1
NEUROSANBE PLUS;2;0;0;1;1;1
NEUROVIT E 2;2;0;0;1;1;1
NEW DIA2;9;0;0;1;1;1
NEXIUM 20MG;2;0;0;1;1;1
NEXIUM 40MG;2;0;0;1;1;1
NIFURAL SYR;5;0;0;1;1;1
NIKNAK TALK;5;0;0;1;1;1
NIPEDIPIN 10 MG;2;0;0;1;1;1
NISAGON CR;4;0;0;1;1;1
NITROKAF CAP;3;0;0;1;1;1
NIZORAL CR 5 GR;4;0;0;1;1;1
NODROF 2;2;0;0;1;1;1
NONEMI 2;2;0;0;1;1;1
NORIT;6;0;0;1;1;1
NORVASK 10 MG;2;0;0;1;1;1
NORVASK 5 MG;2;0;0;1;1;1
NOURISHSKIN ULT'15;8;0;0;1;1;1
NOVALGIN 2;2;0;0;1;1;1
NUFADEX 0,75 MG;2;0;0;1;1;1
NUFADEX 0.5 MG;2;0;0;1;1;1
NURUTENZ MADU;5;0;0;1;1;1
NUTRADON SYR;5;0;0;1;1;1
NUTRAFOR CHOL;9;0;0;1;1;1
NUTRIMAX B COMPLEX 30';6;0;0;1;1;1
NUTRIMAX C&C 100 ML;5;0;0;1;1;1
NUTRIMAX C+PLUS BETA 30';6;0;0;1;1;1
NUTRIMAX CMAX 1000;6;0;0;1;1;1
NUTRIMAX NUTRI KIDZ 30';6;0;0;1;1;1
NUTRIMAX OMEGA 3 PRO 30';6;0;0;1;1;1
NUTRIMAX VIT D3 1000 60';6;0;0;1;1;1
O B H COMBI;5;0;0;1;1;1
O B H COMBI PLUS 100 ML;5;0;0;1;1;1
O B H COMBI PLUS 60ML;5;0;0;1;1;1
O B H COMBI PLUS ANAK;5;0;0;1;1;1
O B H ITRASAL;5;0;0;1;1;1
O B H NELCO PE 100 ML;5;0;0;1;1;1
O B H NELCO PE 55 ML;5;0;0;1;1;1
O B P;5;0;0;1;1;1
OB COMBI BATUK KERING;5;0;0;1;1;1
OB HERBAL 100 ML;5;0;0;1;1;1
OB HERBAL 60 ML;5;0;0;1;1;1
OB HERBAL JUNIOR 60 ML;5;0;0;1;1;1
OBAT BATUK IBU & ANAK 150 ML;5;0;0;1;1;1
OBAT BATUK IBU & ANAK 75 ML;5;0;0;1;1;1
OBIMIN AF;2;0;0;1;1;1
OCUSON 2;2;0;0;1;1;1
OMEPRAZOLE 20 MG;3;0;0;1;1;1
OMEPROS '30;6;0;0;1;1;1
ONDANSENTRON 4 MG;2;0;0;1;1;1
ONDANSENTRON 8 MG;2;0;0;1;1;1
OPISTAN 500 MG;2;0;0;1;1;1
ORALIT;7;0;0;1;1;1
OSFIT DHA;2;0;0;1;1;1
OSG KAKAK TUA;6;0;0;1;1;1
OSKADON SP 2;9;0;0;1;1;1
OSKADON 2;9;0;0;1;1;1
OSTEOCAL 2;2;0;0;1;1;1
OSTEOKOM 2;2;0;0;1;1;1
OTO DIAPERS DEWASA 6 (XL);10;0;0;1;1;1
OTOPAIN AD;6;0;0;1;1;1
OXYCAN 500 CC;6;0;0;1;1;1
OXYCAN 600 CC (BIRU);6;0;0;1;1;1
OXYTETRACYCLIN 1% EO;4;0;0;1;1;1
OXYTETRACYCLINE SK 3%;4;0;0;1;1;1
P K (BUNGKUS);1;0;0;1;1;1
PABANOX CR;4;0;0;1;1;1
PAGODA PAST B;1;0;0;1;1;1
PAGODA SYR 100 ML;5;0;0;1;1;1
PANADOL BIRU 2;9;0;0;1;1;1
PANADOL CHEWABLE;9;0;0;1;1;1
PANADOL COLD & FLU;9;0;0;1;1;1
PANADOL DROPS;5;0;0;1;1;1
PANADOL EXTRA;9;0;0;1;1;1
PANADOL SYR 30 ML;5;0;0;1;1;1
PANADOL SYR 60 ML;5;0;0;1;1;1
PANTOPRAZOLE 20 MG;2;0;0;1;1;1
PANTOPRAZOLE 40 MG;2;0;0;1;1;1
PANTOZOL 20 MG;2;0;0;1;1;1
PANTOZOL 40 MG;2;0;0;1;1;1
PAPAVERIN 2;2;0;0;1;1;1
PARACETAMOL DROPS;5;0;0;1;1;1
PARACETAMOL SIRUP 60 ML;5;0;0;1;1;1
PARACETAMOL 2;2;0;0;1;1;1
PARAFLU 2;2;0;0;1;1;1
PARAM KOCOK AIR MANCUR B;5;0;0;1;1;1
PARAM KOCOK AIR MANCUR K;5;0;0;1;1;1
PARAMEX FLU&BATUK;9;0;0;1;1;1
PARAMEX NYERI OTOT 2;9;0;0;1;1;1
PARAMEX 2;9;0;0;1;1;1
PARASOL CR;4;0;0;1;1;1
PARASOL LOT SPF 30 100 GR;4;0;0;1;1;1
PARASOL LOT SPF 30 50 GR;4;0;0;1;1;1
PARATUSIN SYR;5;0;0;1;1;1
PARATUSIN 2;9;0;0;1;1;1
PARIET 10 MG;2;0;0;1;1;1
PARIET 20 MG;2;0;0;1;1;1
Pedialyte;5;0;0;1;1;1
PEDITOX;5;0;0;1;1;1
PEDYALITE;5;0;0;1;1;1
PENYAMBUNG PUTING;1;0;0;1;1;1
PENYANGGA TANGAN;1;0;0;1;1;1
PERBAN B;1;0;0;1;1;1
PERBAN K;1;0;0;1;1;1
PERBAN S;1;0;0;1;1;1
PERMETRIN 5% CR 15 GR;4;0;0;1;1;1
PHARMATON FORMULA;9;0;0;1;1;1
PHARMATON VIT;9;0;0;1;1;1
PHAROLIT;7;0;0;1;1;1
PIKANG CUANG SALEP;4;0;0;1;1;1
PIL BINARI;7;0;0;1;1;1
PIL KITA;9;0;0;1;1;1
PIL MERIT;7;0;0;1;1;1
PIMTRACOL SYR 60 ML;5;0;0;1;1;1
PIPET KACA 10 CM;1;0;0;1;1;1
PIPET KACA 17 CM;1;0;0;1;1;1
PIPET PLASTIK;1;0;0;1;1;1
PIROFEL GEL;4;0;0;1;1;1
PIROKSIKAM 10 MG;3;0;0;1;1;1
PIROKSIKAM 20 MG;3;0;0;1;1;1
PISPOT SODOK;1;0;0;1;1;1
PLANO2;9;0;0;1;1;1
PLANTACID F SYR 100 ML;5;0;0;1;1;1
PLANTACID FORTE 2;2;0;0;1;1;1
PLANTACID SYR 100 ML;5;0;0;1;1;1
PLESTER BULAT;1;0;0;1;1;1
PLESTERIN ANTI AIR;10;0;0;1;1;1
PLESTERIN KIDS;1;0;0;1;1;1
PLESTERIN ROLL 5 CM X 1 M;10;0;0;1;1;1
POCARI SWEAT 500 ML;5;0;0;1;1;1
POLDAN MIG 2;9;0;0;1;1;1
POLIDENT CR B;4;0;0;1;1;1
POLIDENT CR K;4;0;0;1;1;1
POLYCROL FORTE SYR;5;0;0;1;1;1
POLYCROL FORTE 2;2;0;0;1;1;1
POLYCROL SYR 100 ML;5;0;0;1;1;1
POLYSILANE SYR 100 ML;5;0;0;1;1;1
POLYSILANE SYR 180 ML;5;0;0;1;1;1
POLYSILANE 2;2;0;0;1;1;1
POMPA SUSU;1;0;0;1;1;1
POMPA SUSU DODO;1;0;0;1;1;1
PONSTAN 500 MG;2;0;0;1;1;1
PRAXION DROP;5;0;0;1;1;1
PRAXION F SYR;5;0;0;1;1;1
PRAXION SYR;5;0;0;1;1;1
PREDNISON 5 MG;2;0;0;1;1;1
PREGABALIN 75 MG;2;0;0;1;1;1
PRIMADEX FORTE 2;2;0;0;1;1;1
PRIMPERAN 10 MG;2;0;0;1;1;1
PRIMPERAN 5 MG;2;0;0;1;1;1
PROCOLD FLU&BATUK;9;0;0;1;1;1
PROCOLD 2;9;0;0;1;1;1
PROLACTA FOR BABY;3;0;0;1;1;1
PROMAG;9;0;0;1;1;1
PROMAG CAIR 7 ML;7;0;0;1;1;1
PRONICY;2;0;0;1;1;1
PROPANOLOL 10 MG;2;0;0;1;1;1
PROPANOLOL 40 MG;2;0;0;1;1;1
PROPEPSA SYR;5;0;0;1;1;1
PROPEPSA SYR 200 ML;5;0;0;1;1;1
PROPOLIS MELIA;5;0;0;1;1;1
PRORIS F SYR;5;0;0;1;1;1
PRORIS SYR;5;0;0;1;1;1
PRORIS 2;2;0;0;1;1;1
PROSPAN COUGH SYR;5;0;0;1;1;1
PROSTAKUR CAPS;9;0;0;1;1;1
PROTECAL;6;0;0;1;1;1
PROVE D3 1000 IU;2;0;0;1;1;1
PROVE D3 5000 IU;2;0;0;1;1;1
PURE BABY INHALANT OIL;6;0;0;1;1;1
PURE BABY RASH CR 50 GR;4;0;0;1;1;1
RADIN 2;2;0;0;1;1;1
RAMIPRIL 2,5 MG;2;0;0;1;1;1
RAMIPRIL 5 MG;2;0;0;1;1;1
RANITIDINE 150 MG;2;0;0;1;1;1
RANTIN 150 MG;2;0;0;1;1;1
RAPET WANGI;8;0;0;1;1;1
RECOLFAR 0.5 MG;2;0;0;1;1;1
REDOXON EFF 10';6;0;0;1;1;1
REDOXON 2LET KUNYAH 2';9;0;0;1;1;1
RENADINAC 50 MG;2;0;0;1;1;1
RENALYTE;5;0;0;1;1;1
RENOVIT 30';6;0;0;1;1;1
RENOVIT GOLD 30';6;0;0;1;1;1
RENOVIT GOLD 9 4';9;0;0;1;1;1
RENOVIT 9 4';9;0;0;1;1;1
RHELAFEN SYR 60 ML;5;0;0;1;1;1
RHEMAFAR 4 MG;2;0;0;1;1;1
RHINOFED;2;0;0;1;1;1
RHINOS JR SYR;5;0;0;1;1;1
RHINOS NEO DROP 10ML;5;0;0;1;1;1
RHINOS SR CAPS;3;0;0;1;1;1
RIVANOL 100 ML;5;0;0;1;1;1
RIVANOL 300 ML;5;0;0;1;1;1
ROHTO;5;0;0;1;1;1
ROHTO COOL;5;0;0;1;1;1
RYVEL SYR;5;0;0;1;1;1
SABUN ASEPSO;11;0;0;1;1;1
SABUN DETTOL;11;0;0;1;1;1
SAGESTAM CR;4;0;0;1;1;1
SAKATONIK ABC;6;0;0;1;1;1
SALBUTAMOL 2 MG;2;0;0;1;1;1
SALBUTAMOL 4 MG;2;0;0;1;1;1
SALEP 2-4;4;0;0;1;1;1
SALEP 88;1;0;0;1;1;1
SALEP BISON;1;0;0;1;1;1
SALEP 3IDA;1;0;0;1;1;1
SALEP PAGODA;1;0;0;1;1;1
SALONPAS GEL 15 G;4;0;0;1;1;1
SALONPAS GEL 30 GR;4;0;0;1;1;1
SALONPAS LINIMENT 30 ML;5;0;0;1;1;1
SALONPAS LINIMENT 50 ML;5;0;0;1;1;1
SALYCYL TALK IKA;5;0;0;1;1;1
SALYCYL TALK IKA MENTHOL;5;0;0;1;1;1
SALYSIL KF;6;0;0;1;1;1
SAMURAT 4';9;0;0;1;1;1
SANADRYL DMP SYR 120 ML;5;0;0;1;1;1
SANADRYL DMP SYR 60 ML;5;0;0;1;1;1
SANADRYL EXP SYR 120ML;5;0;0;1;1;1
SANADRYL EXP SYR 60 ML;5;0;0;1;1;1
SANAFLU 2;9;0;0;1;1;1
SAN-B-PLEX;5;0;0;1;1;1
SANCORTMYCIN OINT;4;0;0;1;1;1
SANGOBION CAPS;9;0;0;1;1;1
SANGOBION DROPS;5;0;0;1;1;1
SANGOBION KIDS SYR 100 ML;5;0;0;1;1;1
SANGOBION VITATONIK 250 ML;5;0;0;1;1;1
SANGOBION VITATONIK 400 ML;5;0;0;1;1;1
SANMAG SYR;5;0;0;1;1;1
SANMOL DROPS;5;0;0;1;1;1
SANMOL FORTE SYR;5;0;0;1;1;1
SANMOL FORTE 2;2;0;0;1;1;1
SANMOL SYR;5;0;0;1;1;1
SANMOL 2;2;0;0;1;1;1
SANORINE HIJAU K;5;0;0;1;1;1
SANPRIMA FORTE 2;2;0;0;1;1;1
SANPRIMA SYR;5;0;0;1;1;1
SANPRIMA 2;2;0;0;1;1;1
SARI KURMA AL JAZIRA;5;0;0;1;1;1
SARI KURMA ANGKAK;5;0;0;1;1;1
SARI KURMA PREMIUM;5;0;0;1;1;1
SARI KURMA TJ 250 GR;5;0;0;1;1;1
SARIDON 2;9;0;0;1;1;1
SARUNG TANGAN 2';13;0;0;1;1;1
SARUNG TANGAN 8;8;0;0;1;1;1
SARUNG TANGAN PLASTIK 2';13;0;0;1;1;1
SCABIMITE CR 10 GR;4;0;0;1;1;1
SCABIMITE CR 30 GR;4;0;0;1;1;1
SCANDEXON 2;2;0;0;1;1;1
SCOPMA PLUS 2;2;0;0;1;1;1
SCOPMA 2;2;0;0;1;1;1
SCOTT ORIGINAL;5;0;0;1;1;1
SCOTT VITA 200 ML;5;0;0;1;1;1
SCOTT VITA 400 ML;5;0;0;1;1;1
SELANG OKSIGEN ANAK;1;0;0;1;1;1
SELANG OKSIGEN DEWASA;1;0;0;1;1;1
SENSITIF;1;0;0;1;1;1
SENSITIF COMPC;1;0;0;1;1;1
SERETIDE DISKUS 100 MCG;6;0;0;1;1;1
SGM 0-6 BULAN 1000 GR;8;0;0;1;1;1
SGM 1+ VANILA 900 GR;1;0;0;1;1;1
SGM 3+ VANILA 900 GR;1;0;0;1;1;1
SGM 6-12 BULAN 1000 GR;8;0;0;1;1;1
SIKAT PEMBERSIH DOT;1;0;0;1;1;1
SILADEX ATT 60 ML;5;0;0;1;1;1
SILADEX BATUK PILEK 60 ML;5;0;0;1;1;1
SILADEX ME 60 ML;5;0;0;1;1;1
SILEX SYR;5;0;0;1;1;1
SIMARC 2 MG 2;2;0;0;1;1;1
SIMVASTATIN 10 MG (DEXA);2;0;0;1;1;1
SIMVASTATIN 20 MG;2;0;0;1;1;1
SIRPLUS 100 ML;5;0;0;1;1;1
SKIZON CR 10 GR;4;0;0;1;1;1
SKYGOAT SUSU KAMBING;8;0;0;1;1;1
SMECTA;7;0;0;1;1;1
SOFTEX PEMBALUT BERSALIN 10';10;0;0;1;1;1
SP. THROCES 2;9;0;0;1;1;1
SPASMINAL 2;2;0;0;1;1;1
SPEDIFEN 400;2;0;0;1;1;1
SPIROLA 2 25 MG;2;0;0;1;1;1
SPIRONOLACTONE 2 25 MG;2;0;0;1;1;1
STANZA 500 MG;2;0;0;1;1;1
STIMUNO 3;9;0;0;1;1;1
STIMUNO SYR 100 ML;5;0;0;1;1;1
STIMUNO SYR 60 ML;5;0;0;1;1;1
STMJ;7;0;0;1;1;1
STOP COLD;9;0;0;1;1;1
STOP X;4;0;0;1;1;1
STREPSIL 6';7;0;0;1;1;1
STREPSIL 8';7;0;0;1;1;1
STUGERON;2;0;0;1;1;1
SUCRALFATE 100 ML;5;0;0;1;1;1
SUKAMORI;8;0;0;1;1;1
SUMAGESIC;2;0;0;1;1;1
SUNCREAM;5;0;0;1;1;1
SUPER TETRA;3;0;0;1;1;1
SUPERHOID SUPP;1;0;0;1;1;1
SURBEX T 2;9;0;0;1;1;1
SURBEX Z 2;9;0;0;1;1;1
SUSU BERUANG K;6;0;0;1;1;1
SYNALTEN CR;4;0;0;1;1;1
2UNG OKSIGEN;14;0;0;1;1;1
TAHESTA CUKA;5;0;0;1;1;1
TAY PIN SAN;7;0;0;1;1;1
TEH ANGKAK;8;0;0;1;1;1
TEH DAUN JATI CINA;7;0;0;1;1;1
TELOR KODOK;7;0;0;1;1;1
TEMPRA DROPS;5;0;0;1;1;1
TEMPRA FORTE 60 ML;5;0;0;1;1;1
TEMPRA SYR 100 ML;5;0;0;1;1;1
TEMPRA SYR 30 ML;5;0;0;1;1;1
TEMPRA SYR 60 ML;5;0;0;1;1;1
TENSIVASK 2;2;0;0;1;1;1
TENSOCREPE K;1;0;0;1;1;1
TENSOCREPE S;1;0;0;1;1;1
TEOSAL 2;2;0;0;1;1;1
TERA F;2;0;0;1;1;1
TERMOREX PLUS 60 ML;5;0;0;1;1;1
TERMOREX SYR;5;0;0;1;1;1
TETRACYCLIN 250 MG;3;0;0;1;1;1
THECORT CR;4;0;0;1;1;1
THERAGRAN M;2;0;0;1;1;1
THERMOMETER DIGITAL;1;0;0;1;1;1
THERMOMETER SAFETY QUIK;1;0;0;1;1;1
THIAMPHENICOL 500 MG;3;0;0;1;1;1
THIAMYCIN 500 MG;3;0;0;1;1;1
THYROZOL 10 MG;2;0;0;1;1;1
TIE TA YOU GIN;5;0;0;1;1;1
TIRIZ DROPS;5;0;0;1;1;1
TIRIZ 2;2;0;0;1;1;1
TISSUE 250 PLY;10;0;0;1;1;1
TISSUE 50 PLY;10;0;0;1;1;1
TISSUE BASAH;10;0;0;1;1;1
TISSUE MAGIC;8;0;0;1;1;1
TOLAK ANGIN BEBAS GULA;7;0;0;1;1;1
TOLAK ANGIN CAIR ANAK;7;0;0;1;1;1
TOLAK ANGIN CAIR SM;7;0;0;1;1;1
TOLAK ANGIN FLU;7;0;0;1;1;1
TOLAK ANGIN PERMEN;7;0;0;1;1;1
TOLAK LINU CAIR;7;0;0;1;1;1
TONG KANG SHUANG;4;0;0;1;1;1
TONIKUM BAYER 100 ML;5;0;0;1;1;1
TONIKUM BAYER 330 ML;5;0;0;1;1;1
TOPCORT;4;0;0;1;1;1
TRANSPULMIN BABY 10 GR;4;0;0;1;1;1
TRANSPULMIN BABY 20 GR;4;0;0;1;1;1
TRANSPULMIN KIDS 10 GR;4;0;0;1;1;1
TRANSPULMIN KIDS 20 GR;4;0;0;1;1;1
TREMENZA SYR;5;0;0;1;1;1
TREMENZA 2;2;0;0;1;1;1
TRIAMINIC BATUK;5;0;0;1;1;1
TRIAMINIC EXP SYR;5;0;0;1;1;1
TRIAMINIC PILEK;5;0;0;1;1;1
TRICHODAZOL 500 MG;2;0;0;1;1;1
TRINORDIOL;9;0;0;1;1;1
TRISELA;2;0;0;1;1;1
TROMBOPHOB GEL;4;0;0;1;1;1
TROMBOPHOB OINT;4;0;0;1;1;1
TROPICANA SLIM CLASSIC;8;0;0;1;1;1
TROPICANA SLIM DIABETICS;8;0;0;1;1;1
TUZALOS;2;0;0;1;1;1
ULTILOX FORTE SYR;5;0;0;1;1;1
ULTILOX SYR;5;0;0;1;1;1
ULTRACAP;9;0;0;1;1;1
ULTRACILIN SALEP;4;0;0;1;1;1
ULTRAFIX 5 CM X 5 M;8;0;0;1;1;1
ULTRAFLU;9;0;0;1;1;1
ULTRAMILK COKLAT 200 ML;1;0;0;1;1;1
ULTRAMILK FULLCREAM 200 ML;1;0;0;1;1;1
ULTRAMILK KARAMEL 200 ML;1;0;0;1;1;1
ULTRAMILK MIMI COKLAT 125 ML;1;0;0;1;1;1
ULTRAMILK MIMI FULLCREAM 125 ML;1;0;0;1;1;1
ULTRAMILK MIMI STRAWBERI 125 ML;1;0;0;1;1;1
ULTRAMILK MIMI VANILA 125 ML;1;0;0;1;1;1
ULTRAMILK STRAWBERI 200 ML;1;0;0;1;1;1
ULTRAMILK TARO 200 ML;1;0;0;1;1;1
ULTRAPROCT OINT;4;0;0;1;1;1
ULTRAPROCT SUPP;1;0;0;1;1;1
ULTRAVITA;2;0;0;1;1;1
UNDER PADS;1;0;0;1;1;1
UPIXON 15 CC;5;0;0;1;1;1
URESIK 2;2;0;0;1;1;1
URINAL PRIA;1;0;0;1;1;1
URINAL WANITA;1;0;0;1;1;1
URISPAS 2;2;0;0;1;1;1
UROGETIX 100 MG;2;0;0;1;1;1
UROTRACTIN;3;0;0;1;1;1
VAGISTIN OVULA;1;0;0;1;1;1
VALSARTAN 80 MG;2;0;0;1;1;1
VECTRINE CAP;3;0;0;1;1;1
VECTRINE SYR;5;0;0;1;1;1
VEGETA;7;0;0;1;1;1
VEGETA HERBAL;7;0;0;1;1;1
VENARON;3;0;0;1;1;1
VENTOLIN 2 MG;2;0;0;1;1;1
VENTOLIN INH;6;0;0;1;1;1
VENTOLIN NEBULES;12;0;0;1;1;1
VERILE ACNE BLEMISH CR;4;0;0;1;1;1
VERILE ACNE GEL;4;0;0;1;1;1
VERMIN ' 30 (15 BESAR);6;0;0;1;1;1
VERMIN '12 (15 KECIL);6;0;0;1;1;1
VERMOX 500 MG;9;0;0;1;1;1
VESPERUM SIRUP;5;0;0;1;1;1
VICE 2 '2;9;0;0;1;1;1
VICKS F 44 120 ML DWS;5;0;0;1;1;1
VICKS F 44 30 ML ANAK;5;0;0;1;1;1
VICKS F 44 30 ML DWS;5;0;0;1;1;1
VICKS F 44 60 ML ANAK;5;0;0;1;1;1
VICKS F 44 60 ML DWS;5;0;0;1;1;1
VICKS INHALER;1;0;0;1;1;1
VICKS VAP. 10 GR;6;0;0;1;1;1
VICKS VAP. 25 GR;4;0;0;1;1;1
VICKS VAP. 50 GR;6;0;0;1;1;1
VIDORAN UHT MILK COKLAT 175 ML;1;0;0;1;1;1
VIDORAN UHT MILK STRAWBERI 175 ML;1;0;0;1;1;1
VIGEL 60 GR;4;0;0;1;1;1
VIRGIN OIL 80ML;5;0;0;1;1;1
VISANCORT CR 10GR;4;0;0;1;1;1
VISINE 6 ML;6;0;0;1;1;1
VIT A IPI;6;0;0;1;1;1
VIT B COMP IPI;6;0;0;1;1;1
VIT B1 IPI;6;0;0;1;1;1
VIT B12 IPI;6;0;0;1;1;1
VIT B6 / PYRIDOXINE 10MG;2;0;0;1;1;1
VIT C IPI;6;0;0;1;1;1
VIT D3 IPI 1000 IU;6;0;0;1;1;1
VIT K;2;0;0;1;1;1
VIT. C 1000 SIDOMUNCUL;8;0;0;1;1;1
VITACID 0.025% CR;4;0;0;1;1;1
VITACID 0.05% CR;4;0;0;1;1;1
VITACID 0.1% CR;4;0;0;1;1;1
VITACIMIN 9;9;0;0;1;1;1
VITAL AD;6;0;0;1;1;1
VITALONG C BOTOL;6;0;0;1;1;1
VITALONG C 9;9;0;0;1;1;1
VITAQUIN CR;4;0;0;1;1;1
VITOMATA MADU;5;0;0;1;1;1
VOLTADEX 50 MG 2LET;2;0;0;1;1;1
VOLTAREN 25 MG 2LET;2;0;0;1;1;1
VOLTAREN 50 MG 2LET;2;0;0;1;1;1
VOLTAREN GEL  5 GR;4;0;0;1;1;1
VOLTAREN GEL 10 GR;4;0;0;1;1;1
VOLTAREN GEL 20 GR;4;0;0;1;1;1
VOLTAREN GEL 50 GR;4;0;0;1;1;1
VOMETA DROPS;5;0;0;1;1;1
VOMETA FLASH 2;2;0;0;1;1;1
VOMETA SYR 60 ML;5;0;0;1;1;1
VOMITAS FDT;2;0;0;1;1;1
VOSEA SYR;5;0;0;1;1;1
VOSEA 2;2;0;0;1;1;1
W W Z;1;0;0;1;1;1
WAISAN;7;0;0;1;1;1
WALIKUKUN 30ML;5;0;0;1;1;1
WALIKUKUN 60ML;5;0;0;1;1;1
WELLMOVE CAPS 5'S;9;0;0;1;1;1
WIROS 20 MG;2;0;0;1;1;1
WOODS ATT 100ML;5;0;0;1;1;1
WOODS ATT 60 ML;5;0;0;1;1;1
WOODS EXP 100ML;5;0;0;1;1;1
WOODS EXP 60 ML;5;0;0;1;1;1
WOODS HERBAL;5;0;0;1;1;1
WOODS LOZENGES 6'S;7;0;0;1;1;1
XEPAZYM;9;0;0;1;1;1
XONCE;9;0;0;1;1;1
YASMIN;8;0;0;1;1;1
YOU C1000;5;0;0;1;1;1
Y-RINS K;6;0;0;1;1;1
YUSIMOX 500 MG 2;2;0;0;1;1;1
YUSIMOX FORTE SYR;5;0;0;1;1;1
YUSIMOX SYR;5;0;0;1;1;1
ZAITUN MUSTIKA RATU 75 ML;5;0;0;1;1;1
ZAITUN TURSINA 60ML;5;0;0;1;1;1
ZAM-BUK OINT 25 GR;6;0;0;1;1;1
ZAM-BUK OINT 8 GR;6;0;0;1;1;1
ZEGAVIT;2;0;0;1;1;1
ZEGREN 2 50MG;2;0;0;1;1;1
ZENIREX 60 ML;5;0;0;1;1;1
ZENSODERM 10 GR;4;0;0;1;1;1
ZESTMAG MADU;5;0;0;1;1;1
ZINC 2;2;0;0;1;1;1
ZINCPRO SYR 60ML;5;0;0;1;1;1
ZINK SIRUP 60 ML;5;0;0;1;1;1
ZINKID SYR 100 ML;5;0;0;1;1;1
ZYLORIC 100;2;0;0;1;1;1
ZYLORIC 300;2;0;0;1;1;1
HOT IN DCL 120 GR;4;0;0;1;1;1
BURNAZIN CR;4;0;0;1;1;1
HOT IN CR BOTOL 60 ML;5;0;0;1;1;1
OBAT BATUK IBU DAN ANAK 300 ML;5;0;0;1;1;1
DIPROGENTA CR 10 GR;4;0;0;1;1;1
REDOXON FORTIMUN;6;0;0;1;1;1
SENSODYNE BIRU;4;0;0;1;1;1
SELSUN BLUE 60 ML;5;0;0;1;1;1
VITALONG C + ZINK 30';6;0;0;1;1;1
HOT IN CR GO 100 GR;5;0;0;1;1;1
IMUNOS 2;2;0;0;1;1;1
PARASOL LOT SPF 15;5;0;0;1;1;1
INSTO DRY EYES;6;0;0;1;1;1
INSTO COOL;6;0;0;1;1;1
MADU TJ PANAS DALAM 150 GR;5;0;0;1;1;1
MADU KURMA TJ 150 GR;5;0;0;1;1;1
MEDICATED OIL;5;0;0;1;1;1
DRAGON MENTHOL;6;0;0;1;1;1
M. TELON MY BABY 12 JAM 90 ML;5;0;0;1;1;1
GENALTEN CR 5 GR;4;0;0;1;1;1
VIT. C 50 MG 9;2;0;0;1;1;1
HABBATUSSAUDA OIL 50';6;0;0;1;1;1
DERMAFIX T 5 X 7 CM;1;0;0;1;1;1
DERMAFIX T 10 X 15 CM;1;0;0;1;1;1
DERMAFIX T 10 X 25 CM;1;0;0;1;1;1
TRISELA SIRUP;5;0;0;1;1;1
VIGEL 30 GR;4;0;0;1;1;1
BREATHY NASAL SPRAY;6;0;0;1;1;1
NEURALGIN RHEMA;2;0;0;1;1;1
MADU HITAM BIMA;5;0;0;1;1;1
MADU JADIED;5;0;0;1;1;1
MADU MAGO;5;0;0;1;1;1
INNOLIFE VERPLUS 15';5;0;0;1;1;1
INNOLIFE VERPLUS 30';5;0;0;1;1;1
GOLD G GAMAT;5;0;0;1;1;1
REFAQUIN CR 15 GR;4;0;0;1;1;1
CESSA BIRU;6;0;0;1;1;1
ZORALIN CR 10 GR;4;0;0;1;1;1
MADU TJ HITAM;5;0;0;1;1;1
HAU FUNG SAN;5;0;0;1;1;1
VIT E IPI;6;0;0;1;1;1
RINGER LAKTAT (RL) 500 ML;5;0;0;1;1;1
MINIASPI 80 MG;2;0;0;1;1;1
NUTRIMAX BILBERRY EXTRACT 30';6;0;0;1;1;1
DREAM Z;6;0;0;1;1;1
NUTRIMAX CMAX 300 9;15;0;0;1;1;1
NUTRIMAX COMPLETE MULTIVITAMIN 30';6;0;0;1;1;1
MINOSEP GARGLE 60 ML;5;0;0;1;1;1
JARUM INSULIN;1;0;0;1;1;1
PTU;2;0;0;1;1;1
VI2UMIN 130 ML;5;0;0;1;1;1
SABUN PEPAYA;11;0;0;1;1;1
ADMINISTRASI KLINIK;1;0;0;1;1;1
